section_id,chapter,section,cluster,cluster_name,count,section_total,proportion
227fd8d953f9,Front matter,Publication and institutional notices,0,STEM Courses and Major Requirements,1,9,0.1111111111111111
227fd8d953f9,Front matter,Publication and institutional notices,1,"Language Learning, Writing, and Placement",1,9,0.1111111111111111
227fd8d953f9,Front matter,Publication and institutional notices,2,Elective Choices and Course Availability,0,9,0.0
227fd8d953f9,Front matter,Publication and institutional notices,3,"Politics, Economics, and Public Policy",0,9,0.0
227fd8d953f9,Front matter,Publication and institutional notices,4,"History, Culture, and the Arts",2,9,0.2222222222222222
227fd8d953f9,Front matter,Publication and institutional notices,5,Academic Calendar and Class Scheduling,1,9,0.1111111111111111
227fd8d953f9,Front matter,Publication and institutional notices,6,"University Mission, Services, and Study Opportunities",4,9,0.4444444444444444
227fd8d953f9,Front matter,Publication and institutional notices,7,"Academic Progress, Grading, and Enrollment Status",0,9,0.0
52fb38d5fa27,Part 1: General Information,Chapter introduction,0,STEM Courses and Major Requirements,0,4,0.0
52fb38d5fa27,Part 1: General Information,Chapter introduction,1,"Language Learning, Writing, and Placement",0,4,0.0
52fb38d5fa27,Part 1: General Information,Chapter introduction,2,Elective Choices and Course Availability,0,4,0.0
52fb38d5fa27,Part 1: General Information,Chapter introduction,3,"Politics, Economics, and Public Policy",2,4,0.5
52fb38d5fa27,Part 1: General Information,Chapter introduction,4,"History, Culture, and the Arts",0,4,0.0
52fb38d5fa27,Part 1: General Information,Chapter introduction,5,Academic Calendar and Class Scheduling,0,4,0.0
52fb38d5fa27,Part 1: General Information,Chapter introduction,6,"University Mission, Services, and Study Opportunities",2,4,0.5
52fb38d5fa27,Part 1: General Information,Chapter introduction,7,"Academic Progress, Grading, and Enrollment Status",0,4,0.0
7d2d1d53d852,Part 1: General Information,Mission Statement,0,STEM Courses and Major Requirements,0,1,0.0
7d2d1d53d852,Part 1: General Information,Mission Statement,1,"Language Learning, Writing, and Placement",0,1,0.0
7d2d1d53d852,Part 1: General Information,Mission Statement,2,Elective Choices and Course Availability,0,1,0.0
7d2d1d53d852,Part 1: General Information,Mission Statement,3,"Politics, Economics, and Public Policy",0,1,0.0
7d2d1d53d852,Part 1: General Information,Mission Statement,4,"History, Culture, and the Arts",0,1,0.0
7d2d1d53d852,Part 1: General Information,Mission Statement,5,Academic Calendar and Class Scheduling,0,1,0.0
7d2d1d53d852,Part 1: General Information,Mission Statement,6,"University Mission, Services, and Study Opportunities",1,1,1.0
7d2d1d53d852,Part 1: General Information,Mission Statement,7,"Academic Progress, Grading, and Enrollment Status",0,1,0.0
03f471377dd9,Part 1: General Information,Statement on Diversity and Inclusion,0,STEM Courses and Major Requirements,0,1,0.0
03f471377dd9,Part 1: General Information,Statement on Diversity and Inclusion,1,"Language Learning, Writing, and Placement",0,1,0.0
03f471377dd9,Part 1: General Information,Statement on Diversity and Inclusion,2,Elective Choices and Course Availability,0,1,0.0
03f471377dd9,Part 1: General Information,Statement on Diversity and Inclusion,3,"Politics, Economics, and Public Policy",0,1,0.0
03f471377dd9,Part 1: General Information,Statement on Diversity and Inclusion,4,"History, Culture, and the Arts",0,1,0.0
03f471377dd9,Part 1: General Information,Statement on Diversity and Inclusion,5,Academic Calendar and Class Scheduling,0,1,0.0
03f471377dd9,Part 1: General Information,Statement on Diversity and Inclusion,6,"University Mission, Services, and Study Opportunities",1,1,1.0
03f471377dd9,Part 1: General Information,Statement on Diversity and Inclusion,7,"Academic Progress, Grading, and Enrollment Status",0,1,0.0
aa1098157cfd,Part 1: General Information,Who We Are,0,STEM Courses and Major Requirements,0,4,0.0
aa1098157cfd,Part 1: General Information,Who We Are,1,"Language Learning, Writing, and Placement",0,4,0.0
aa1098157cfd,Part 1: General Information,Who We Are,2,Elective Choices and Course Availability,0,4,0.0
aa1098157cfd,Part 1: General Information,Who We Are,3,"Politics, Economics, and Public Policy",0,4,0.0
aa1098157cfd,Part 1: General Information,Who We Are,4,"History, Culture, and the Arts",0,4,0.0
aa1098157cfd,Part 1: General Information,Who We Are,5,Academic Calendar and Class Scheduling,0,4,0.0
aa1098157cfd,Part 1: General Information,Who We Are,6,"University Mission, Services, and Study Opportunities",4,4,1.0
aa1098157cfd,Part 1: General Information,Who We Are,7,"Academic Progress, Grading, and Enrollment Status",0,4,0.0
4b2fa9fb85a5,Part 1: General Information,Partners,0,STEM Courses and Major Requirements,0,8,0.0
4b2fa9fb85a5,Part 1: General Information,Partners,1,"Language Learning, Writing, and Placement",0,8,0.0
4b2fa9fb85a5,Part 1: General Information,Partners,2,Elective Choices and Course Availability,0,8,0.0
4b2fa9fb85a5,Part 1: General Information,Partners,3,"Politics, Economics, and Public Policy",0,8,0.0
4b2fa9fb85a5,Part 1: General Information,Partners,4,"History, Culture, and the Arts",1,8,0.125
4b2fa9fb85a5,Part 1: General Information,Partners,5,Academic Calendar and Class Scheduling,0,8,0.0
4b2fa9fb85a5,Part 1: General Information,Partners,6,"University Mission, Services, and Study Opportunities",7,8,0.875
4b2fa9fb85a5,Part 1: General Information,Partners,7,"Academic Progress, Grading, and Enrollment Status",0,8,0.0
180c5c9140ca,Part 1: General Information,Duke Kunshan University Community Standard,0,STEM Courses and Major Requirements,0,1,0.0
180c5c9140ca,Part 1: General Information,Duke Kunshan University Community Standard,1,"Language Learning, Writing, and Placement",0,1,0.0
180c5c9140ca,Part 1: General Information,Duke Kunshan University Community Standard,2,Elective Choices and Course Availability,0,1,0.0
180c5c9140ca,Part 1: General Information,Duke Kunshan University Community Standard,3,"Politics, Economics, and Public Policy",0,1,0.0
180c5c9140ca,Part 1: General Information,Duke Kunshan University Community Standard,4,"History, Culture, and the Arts",0,1,0.0
180c5c9140ca,Part 1: General Information,Duke Kunshan University Community Standard,5,Academic Calendar and Class Scheduling,0,1,0.0
180c5c9140ca,Part 1: General Information,Duke Kunshan University Community Standard,6,"University Mission, Services, and Study Opportunities",1,1,1.0
180c5c9140ca,Part 1: General Information,Duke Kunshan University Community Standard,7,"Academic Progress, Grading, and Enrollment Status",0,1,0.0
03e1aa0882bf,Part 2: A Liberal Arts Education at Duke Kunshan University,A 21st Century Curriculum,0,STEM Courses and Major Requirements,0,1,0.0
03e1aa0882bf,Part 2: A Liberal Arts Education at Duke Kunshan University,A 21st Century Curriculum,1,"Language Learning, Writing, and Placement",0,1,0.0
03e1aa0882bf,Part 2: A Liberal Arts Education at Duke Kunshan University,A 21st Century Curriculum,2,Elective Choices and Course Availability,0,1,0.0
03e1aa0882bf,Part 2: A Liberal Arts Education at Duke Kunshan University,A 21st Century Curriculum,3,"Politics, Economics, and Public Policy",0,1,0.0
03e1aa0882bf,Part 2: A Liberal Arts Education at Duke Kunshan University,A 21st Century Curriculum,4,"History, Culture, and the Arts",0,1,0.0
03e1aa0882bf,Part 2: A Liberal Arts Education at Duke Kunshan University,A 21st Century Curriculum,5,Academic Calendar and Class Scheduling,0,1,0.0
03e1aa0882bf,Part 2: A Liberal Arts Education at Duke Kunshan University,A 21st Century Curriculum,6,"University Mission, Services, and Study Opportunities",1,1,1.0
03e1aa0882bf,Part 2: A Liberal Arts Education at Duke Kunshan University,A 21st Century Curriculum,7,"Academic Progress, Grading, and Enrollment Status",0,1,0.0
554ff026be29,Part 2: A Liberal Arts Education at Duke Kunshan University,A Liberal Arts College Experience,0,STEM Courses and Major Requirements,0,1,0.0
554ff026be29,Part 2: A Liberal Arts Education at Duke Kunshan University,A Liberal Arts College Experience,1,"Language Learning, Writing, and Placement",0,1,0.0
554ff026be29,Part 2: A Liberal Arts Education at Duke Kunshan University,A Liberal Arts College Experience,2,Elective Choices and Course Availability,0,1,0.0
554ff026be29,Part 2: A Liberal Arts Education at Duke Kunshan University,A Liberal Arts College Experience,3,"Politics, Economics, and Public Policy",0,1,0.0
554ff026be29,Part 2: A Liberal Arts Education at Duke Kunshan University,A Liberal Arts College Experience,4,"History, Culture, and the Arts",0,1,0.0
554ff026be29,Part 2: A Liberal Arts Education at Duke Kunshan University,A Liberal Arts College Experience,5,Academic Calendar and Class Scheduling,0,1,0.0
554ff026be29,Part 2: A Liberal Arts Education at Duke Kunshan University,A Liberal Arts College Experience,6,"University Mission, Services, and Study Opportunities",1,1,1.0
554ff026be29,Part 2: A Liberal Arts Education at Duke Kunshan University,A Liberal Arts College Experience,7,"Academic Progress, Grading, and Enrollment Status",0,1,0.0
3163807abf79,Part 2: A Liberal Arts Education at Duke Kunshan University,Dual Degrees,0,STEM Courses and Major Requirements,0,1,0.0
3163807abf79,Part 2: A Liberal Arts Education at Duke Kunshan University,Dual Degrees,1,"Language Learning, Writing, and Placement",0,1,0.0
3163807abf79,Part 2: A Liberal Arts Education at Duke Kunshan University,Dual Degrees,2,Elective Choices and Course Availability,0,1,0.0
3163807abf79,Part 2: A Liberal Arts Education at Duke Kunshan University,Dual Degrees,3,"Politics, Economics, and Public Policy",0,1,0.0
3163807abf79,Part 2: A Liberal Arts Education at Duke Kunshan University,Dual Degrees,4,"History, Culture, and the Arts",0,1,0.0
3163807abf79,Part 2: A Liberal Arts Education at Duke Kunshan University,Dual Degrees,5,Academic Calendar and Class Scheduling,0,1,0.0
3163807abf79,Part 2: A Liberal Arts Education at Duke Kunshan University,Dual Degrees,6,"University Mission, Services, and Study Opportunities",1,1,1.0
3163807abf79,Part 2: A Liberal Arts Education at Duke Kunshan University,Dual Degrees,7,"Academic Progress, Grading, and Enrollment Status",0,1,0.0
1d411a928ac9,Part 2: A Liberal Arts Education at Duke Kunshan University,Animating Principles,0,STEM Courses and Major Requirements,1,8,0.125
1d411a928ac9,Part 2: A Liberal Arts Education at Duke Kunshan University,Animating Principles,1,"Language Learning, Writing, and Placement",0,8,0.0
1d411a928ac9,Part 2: A Liberal Arts Education at Duke Kunshan University,Animating Principles,2,Elective Choices and Course Availability,0,8,0.0
1d411a928ac9,Part 2: A Liberal Arts Education at Duke Kunshan University,Animating Principles,3,"Politics, Economics, and Public Policy",1,8,0.125
1d411a928ac9,Part 2: A Liberal Arts Education at Duke Kunshan University,Animating Principles,4,"History, Culture, and the Arts",5,8,0.625
1d411a928ac9,Part 2: A Liberal Arts Education at Duke Kunshan University,Animating Principles,5,Academic Calendar and Class Scheduling,0,8,0.0
1d411a928ac9,Part 2: A Liberal Arts Education at Duke Kunshan University,Animating Principles,6,"University Mission, Services, and Study Opportunities",1,8,0.125
1d411a928ac9,Part 2: A Liberal Arts Education at Duke Kunshan University,Animating Principles,7,"Academic Progress, Grading, and Enrollment Status",0,8,0.0
b0dd071a18b8,Part 3: The Curriculum,Overview,0,STEM Courses and Major Requirements,0,4,0.0
b0dd071a18b8,Part 3: The Curriculum,Overview,1,"Language Learning, Writing, and Placement",2,4,0.5
b0dd071a18b8,Part 3: The Curriculum,Overview,2,Elective Choices and Course Availability,0,4,0.0
b0dd071a18b8,Part 3: The Curriculum,Overview,3,"Politics, Economics, and Public Policy",0,4,0.0
b0dd071a18b8,Part 3: The Curriculum,Overview,4,"History, Culture, and the Arts",0,4,0.0
b0dd071a18b8,Part 3: The Curriculum,Overview,5,Academic Calendar and Class Scheduling,0,4,0.0
b0dd071a18b8,Part 3: The Curriculum,Overview,6,"University Mission, Services, and Study Opportunities",2,4,0.5
b0dd071a18b8,Part 3: The Curriculum,Overview,7,"Academic Progress, Grading, and Enrollment Status",0,4,0.0
c8c8ddcef0cc,Part 3: The Curriculum,Key Components,0,STEM Courses and Major Requirements,0,6,0.0
c8c8ddcef0cc,Part 3: The Curriculum,Key Components,1,"Language Learning, Writing, and Placement",3,6,0.5
c8c8ddcef0cc,Part 3: The Curriculum,Key Components,2,Elective Choices and Course Availability,0,6,0.0
c8c8ddcef0cc,Part 3: The Curriculum,Key Components,3,"Politics, Economics, and Public Policy",0,6,0.0
c8c8ddcef0cc,Part 3: The Curriculum,Key Components,4,"History, Culture, and the Arts",0,6,0.0
c8c8ddcef0cc,Part 3: The Curriculum,Key Components,5,Academic Calendar and Class Scheduling,0,6,0.0
c8c8ddcef0cc,Part 3: The Curriculum,Key Components,6,"University Mission, Services, and Study Opportunities",3,6,0.5
c8c8ddcef0cc,Part 3: The Curriculum,Key Components,7,"Academic Progress, Grading, and Enrollment Status",0,6,0.0
ff33e6e8004e,Part 3: The Curriculum,Degree Requirements,0,STEM Courses and Major Requirements,1,35,0.02857142857142857
ff33e6e8004e,Part 3: The Curriculum,Degree Requirements,1,"Language Learning, Writing, and Placement",21,35,0.6
ff33e6e8004e,Part 3: The Curriculum,Degree Requirements,2,Elective Choices and Course Availability,0,35,0.0
ff33e6e8004e,Part 3: The Curriculum,Degree Requirements,3,"Politics, Economics, and Public Policy",0,35,0.0
ff33e6e8004e,Part 3: The Curriculum,Degree Requirements,4,"History, Culture, and the Arts",0,35,0.0
ff33e6e8004e,Part 3: The Curriculum,Degree Requirements,5,Academic Calendar and Class Scheduling,0,35,0.0
ff33e6e8004e,Part 3: The Curriculum,Degree Requirements,6,"University Mission, Services, and Study Opportunities",11,35,0.3142857142857143
ff33e6e8004e,Part 3: The Curriculum,Degree Requirements,7,"Academic Progress, Grading, and Enrollment Status",2,35,0.05714285714285714
5f161de6c607,"Part 4: Admission, Scholarships and Financial Aid",Principles of Selection,0,STEM Courses and Major Requirements,0,2,0.0
5f161de6c607,"Part 4: Admission, Scholarships and Financial Aid",Principles of Selection,1,"Language Learning, Writing, and Placement",0,2,0.0
5f161de6c607,"Part 4: Admission, Scholarships and Financial Aid",Principles of Selection,2,Elective Choices and Course Availability,0,2,0.0
5f161de6c607,"Part 4: Admission, Scholarships and Financial Aid",Principles of Selection,3,"Politics, Economics, and Public Policy",0,2,0.0
5f161de6c607,"Part 4: Admission, Scholarships and Financial Aid",Principles of Selection,4,"History, Culture, and the Arts",0,2,0.0
5f161de6c607,"Part 4: Admission, Scholarships and Financial Aid",Principles of Selection,5,Academic Calendar and Class Scheduling,0,2,0.0
5f161de6c607,"Part 4: Admission, Scholarships and Financial Aid",Principles of Selection,6,"University Mission, Services, and Study Opportunities",2,2,1.0
5f161de6c607,"Part 4: Admission, Scholarships and Financial Aid",Principles of Selection,7,"Academic Progress, Grading, and Enrollment Status",0,2,0.0
7e5a226fbb64,"Part 4: Admission, Scholarships and Financial Aid",How to Apply,0,STEM Courses and Major Requirements,0,1,0.0
7e5a226fbb64,"Part 4: Admission, Scholarships and Financial Aid",How to Apply,1,"Language Learning, Writing, and Placement",0,1,0.0
7e5a226fbb64,"Part 4: Admission, Scholarships and Financial Aid",How to Apply,2,Elective Choices and Course Availability,0,1,0.0
7e5a226fbb64,"Part 4: Admission, Scholarships and Financial Aid",How to Apply,3,"Politics, Economics, and Public Policy",0,1,0.0
7e5a226fbb64,"Part 4: Admission, Scholarships and Financial Aid",How to Apply,4,"History, Culture, and the Arts",0,1,0.0
7e5a226fbb64,"Part 4: Admission, Scholarships and Financial Aid",How to Apply,5,Academic Calendar and Class Scheduling,0,1,0.0
7e5a226fbb64,"Part 4: Admission, Scholarships and Financial Aid",How to Apply,6,"University Mission, Services, and Study Opportunities",1,1,1.0
7e5a226fbb64,"Part 4: Admission, Scholarships and Financial Aid",How to Apply,7,"Academic Progress, Grading, and Enrollment Status",0,1,0.0
ec67cffed2c9,"Part 4: Admission, Scholarships and Financial Aid",Application Timelines,0,STEM Courses and Major Requirements,0,6,0.0
ec67cffed2c9,"Part 4: Admission, Scholarships and Financial Aid",Application Timelines,1,"Language Learning, Writing, and Placement",1,6,0.16666666666666666
ec67cffed2c9,"Part 4: Admission, Scholarships and Financial Aid",Application Timelines,2,Elective Choices and Course Availability,0,6,0.0
ec67cffed2c9,"Part 4: Admission, Scholarships and Financial Aid",Application Timelines,3,"Politics, Economics, and Public Policy",0,6,0.0
ec67cffed2c9,"Part 4: Admission, Scholarships and Financial Aid",Application Timelines,4,"History, Culture, and the Arts",0,6,0.0
ec67cffed2c9,"Part 4: Admission, Scholarships and Financial Aid",Application Timelines,5,Academic Calendar and Class Scheduling,3,6,0.5
ec67cffed2c9,"Part 4: Admission, Scholarships and Financial Aid",Application Timelines,6,"University Mission, Services, and Study Opportunities",2,6,0.3333333333333333
ec67cffed2c9,"Part 4: Admission, Scholarships and Financial Aid",Application Timelines,7,"Academic Progress, Grading, and Enrollment Status",0,6,0.0
5eccca8903c0,"Part 4: Admission, Scholarships and Financial Aid",Application Requirements,0,STEM Courses and Major Requirements,0,6,0.0
5eccca8903c0,"Part 4: Admission, Scholarships and Financial Aid",Application Requirements,1,"Language Learning, Writing, and Placement",3,6,0.5
5eccca8903c0,"Part 4: Admission, Scholarships and Financial Aid",Application Requirements,2,Elective Choices and Course Availability,0,6,0.0
5eccca8903c0,"Part 4: Admission, Scholarships and Financial Aid",Application Requirements,3,"Politics, Economics, and Public Policy",0,6,0.0
5eccca8903c0,"Part 4: Admission, Scholarships and Financial Aid",Application Requirements,4,"History, Culture, and the Arts",0,6,0.0
5eccca8903c0,"Part 4: Admission, Scholarships and Financial Aid",Application Requirements,5,Academic Calendar and Class Scheduling,1,6,0.16666666666666666
5eccca8903c0,"Part 4: Admission, Scholarships and Financial Aid",Application Requirements,6,"University Mission, Services, and Study Opportunities",2,6,0.3333333333333333
5eccca8903c0,"Part 4: Admission, Scholarships and Financial Aid",Application Requirements,7,"Academic Progress, Grading, and Enrollment Status",0,6,0.0
0a63e5c9a56a,"Part 4: Admission, Scholarships and Financial Aid",Scholarships and Financial Aid,0,STEM Courses and Major Requirements,0,4,0.0
0a63e5c9a56a,"Part 4: Admission, Scholarships and Financial Aid",Scholarships and Financial Aid,1,"Language Learning, Writing, and Placement",0,4,0.0
0a63e5c9a56a,"Part 4: Admission, Scholarships and Financial Aid",Scholarships and Financial Aid,2,Elective Choices and Course Availability,0,4,0.0
0a63e5c9a56a,"Part 4: Admission, Scholarships and Financial Aid",Scholarships and Financial Aid,3,"Politics, Economics, and Public Policy",0,4,0.0
0a63e5c9a56a,"Part 4: Admission, Scholarships and Financial Aid",Scholarships and Financial Aid,4,"History, Culture, and the Arts",0,4,0.0
0a63e5c9a56a,"Part 4: Admission, Scholarships and Financial Aid",Scholarships and Financial Aid,5,Academic Calendar and Class Scheduling,0,4,0.0
0a63e5c9a56a,"Part 4: Admission, Scholarships and Financial Aid",Scholarships and Financial Aid,6,"University Mission, Services, and Study Opportunities",3,4,0.75
0a63e5c9a56a,"Part 4: Admission, Scholarships and Financial Aid",Scholarships and Financial Aid,7,"Academic Progress, Grading, and Enrollment Status",1,4,0.25
7cc6f4cd91ef,"Part 4: Admission, Scholarships and Financial Aid",Notification and Responses,0,STEM Courses and Major Requirements,0,1,0.0
7cc6f4cd91ef,"Part 4: Admission, Scholarships and Financial Aid",Notification and Responses,1,"Language Learning, Writing, and Placement",0,1,0.0
7cc6f4cd91ef,"Part 4: Admission, Scholarships and Financial Aid",Notification and Responses,2,Elective Choices and Course Availability,0,1,0.0
7cc6f4cd91ef,"Part 4: Admission, Scholarships and Financial Aid",Notification and Responses,3,"Politics, Economics, and Public Policy",0,1,0.0
7cc6f4cd91ef,"Part 4: Admission, Scholarships and Financial Aid",Notification and Responses,4,"History, Culture, and the Arts",0,1,0.0
7cc6f4cd91ef,"Part 4: Admission, Scholarships and Financial Aid",Notification and Responses,5,Academic Calendar and Class Scheduling,0,1,0.0
7cc6f4cd91ef,"Part 4: Admission, Scholarships and Financial Aid",Notification and Responses,6,"University Mission, Services, and Study Opportunities",0,1,0.0
7cc6f4cd91ef,"Part 4: Admission, Scholarships and Financial Aid",Notification and Responses,7,"Academic Progress, Grading, and Enrollment Status",1,1,1.0
7592383c5682,Part 5: Financial Information,Tuition and Fees,0,STEM Courses and Major Requirements,0,2,0.0
7592383c5682,Part 5: Financial Information,Tuition and Fees,1,"Language Learning, Writing, and Placement",0,2,0.0
7592383c5682,Part 5: Financial Information,Tuition and Fees,2,Elective Choices and Course Availability,0,2,0.0
7592383c5682,Part 5: Financial Information,Tuition and Fees,3,"Politics, Economics, and Public Policy",0,2,0.0
7592383c5682,Part 5: Financial Information,Tuition and Fees,4,"History, Culture, and the Arts",0,2,0.0
7592383c5682,Part 5: Financial Information,Tuition and Fees,5,Academic Calendar and Class Scheduling,0,2,0.0
7592383c5682,Part 5: Financial Information,Tuition and Fees,6,"University Mission, Services, and Study Opportunities",1,2,0.5
7592383c5682,Part 5: Financial Information,Tuition and Fees,7,"Academic Progress, Grading, and Enrollment Status",1,2,0.5
cdc180ee822f,Part 5: Financial Information,Estimated Expenses,0,STEM Courses and Major Requirements,0,20,0.0
cdc180ee822f,Part 5: Financial Information,Estimated Expenses,1,"Language Learning, Writing, and Placement",5,20,0.25
cdc180ee822f,Part 5: Financial Information,Estimated Expenses,2,Elective Choices and Course Availability,0,20,0.0
cdc180ee822f,Part 5: Financial Information,Estimated Expenses,3,"Politics, Economics, and Public Policy",0,20,0.0
cdc180ee822f,Part 5: Financial Information,Estimated Expenses,4,"History, Culture, and the Arts",0,20,0.0
cdc180ee822f,Part 5: Financial Information,Estimated Expenses,5,Academic Calendar and Class Scheduling,0,20,0.0
cdc180ee822f,Part 5: Financial Information,Estimated Expenses,6,"University Mission, Services, and Study Opportunities",5,20,0.25
cdc180ee822f,Part 5: Financial Information,Estimated Expenses,7,"Academic Progress, Grading, and Enrollment Status",10,20,0.5
717aa253300b,Part 5: Financial Information,Refund,0,STEM Courses and Major Requirements,0,10,0.0
717aa253300b,Part 5: Financial Information,Refund,1,"Language Learning, Writing, and Placement",0,10,0.0
717aa253300b,Part 5: Financial Information,Refund,2,Elective Choices and Course Availability,0,10,0.0
717aa253300b,Part 5: Financial Information,Refund,3,"Politics, Economics, and Public Policy",0,10,0.0
717aa253300b,Part 5: Financial Information,Refund,4,"History, Culture, and the Arts",0,10,0.0
717aa253300b,Part 5: Financial Information,Refund,5,Academic Calendar and Class Scheduling,0,10,0.0
717aa253300b,Part 5: Financial Information,Refund,6,"University Mission, Services, and Study Opportunities",0,10,0.0
717aa253300b,Part 5: Financial Information,Refund,7,"Academic Progress, Grading, and Enrollment Status",10,10,1.0
f788d01409f9,Part 6: Academic Procedures and Information,Academic Integrity,0,STEM Courses and Major Requirements,0,5,0.0
f788d01409f9,Part 6: Academic Procedures and Information,Academic Integrity,1,"Language Learning, Writing, and Placement",0,5,0.0
f788d01409f9,Part 6: Academic Procedures and Information,Academic Integrity,2,Elective Choices and Course Availability,0,5,0.0
f788d01409f9,Part 6: Academic Procedures and Information,Academic Integrity,3,"Politics, Economics, and Public Policy",0,5,0.0
f788d01409f9,Part 6: Academic Procedures and Information,Academic Integrity,4,"History, Culture, and the Arts",0,5,0.0
f788d01409f9,Part 6: Academic Procedures and Information,Academic Integrity,5,Academic Calendar and Class Scheduling,0,5,0.0
f788d01409f9,Part 6: Academic Procedures and Information,Academic Integrity,6,"University Mission, Services, and Study Opportunities",2,5,0.4
f788d01409f9,Part 6: Academic Procedures and Information,Academic Integrity,7,"Academic Progress, Grading, and Enrollment Status",3,5,0.6
e223d7c1881a,Part 6: Academic Procedures and Information,Entrance Credit and Placement,0,STEM Courses and Major Requirements,0,14,0.0
e223d7c1881a,Part 6: Academic Procedures and Information,Entrance Credit and Placement,1,"Language Learning, Writing, and Placement",4,14,0.2857142857142857
e223d7c1881a,Part 6: Academic Procedures and Information,Entrance Credit and Placement,2,Elective Choices and Course Availability,0,14,0.0
e223d7c1881a,Part 6: Academic Procedures and Information,Entrance Credit and Placement,3,"Politics, Economics, and Public Policy",0,14,0.0
e223d7c1881a,Part 6: Academic Procedures and Information,Entrance Credit and Placement,4,"History, Culture, and the Arts",0,14,0.0
e223d7c1881a,Part 6: Academic Procedures and Information,Entrance Credit and Placement,5,Academic Calendar and Class Scheduling,0,14,0.0
e223d7c1881a,Part 6: Academic Procedures and Information,Entrance Credit and Placement,6,"University Mission, Services, and Study Opportunities",9,14,0.6428571428571429
e223d7c1881a,Part 6: Academic Procedures and Information,Entrance Credit and Placement,7,"Academic Progress, Grading, and Enrollment Status",1,14,0.07142857142857142
d1f6ee3ada9e,Part 6: Academic Procedures and Information,Transfer of Work Taken Elsewhere,0,STEM Courses and Major Requirements,0,9,0.0
d1f6ee3ada9e,Part 6: Academic Procedures and Information,Transfer of Work Taken Elsewhere,1,"Language Learning, Writing, and Placement",0,9,0.0
d1f6ee3ada9e,Part 6: Academic Procedures and Information,Transfer of Work Taken Elsewhere,2,Elective Choices and Course Availability,0,9,0.0
d1f6ee3ada9e,Part 6: Academic Procedures and Information,Transfer of Work Taken Elsewhere,3,"Politics, Economics, and Public Policy",0,9,0.0
d1f6ee3ada9e,Part 6: Academic Procedures and Information,Transfer of Work Taken Elsewhere,4,"History, Culture, and the Arts",0,9,0.0
d1f6ee3ada9e,Part 6: Academic Procedures and Information,Transfer of Work Taken Elsewhere,5,Academic Calendar and Class Scheduling,0,9,0.0
d1f6ee3ada9e,Part 6: Academic Procedures and Information,Transfer of Work Taken Elsewhere,6,"University Mission, Services, and Study Opportunities",9,9,1.0
d1f6ee3ada9e,Part 6: Academic Procedures and Information,Transfer of Work Taken Elsewhere,7,"Academic Progress, Grading, and Enrollment Status",0,9,0.0
944b246b1a20,Part 6: Academic Procedures and Information,Time Limit for Completing Undergraduate Degree,0,STEM Courses and Major Requirements,0,1,0.0
944b246b1a20,Part 6: Academic Procedures and Information,Time Limit for Completing Undergraduate Degree,1,"Language Learning, Writing, and Placement",0,1,0.0
944b246b1a20,Part 6: Academic Procedures and Information,Time Limit for Completing Undergraduate Degree,2,Elective Choices and Course Availability,0,1,0.0
944b246b1a20,Part 6: Academic Procedures and Information,Time Limit for Completing Undergraduate Degree,3,"Politics, Economics, and Public Policy",0,1,0.0
944b246b1a20,Part 6: Academic Procedures and Information,Time Limit for Completing Undergraduate Degree,4,"History, Culture, and the Arts",0,1,0.0
944b246b1a20,Part 6: Academic Procedures and Information,Time Limit for Completing Undergraduate Degree,5,Academic Calendar and Class Scheduling,0,1,0.0
944b246b1a20,Part 6: Academic Procedures and Information,Time Limit for Completing Undergraduate Degree,6,"University Mission, Services, and Study Opportunities",1,1,1.0
944b246b1a20,Part 6: Academic Procedures and Information,Time Limit for Completing Undergraduate Degree,7,"Academic Progress, Grading, and Enrollment Status",0,1,0.0
134a71383ca7,Part 6: Academic Procedures and Information,Registration,0,STEM Courses and Major Requirements,0,7,0.0
134a71383ca7,Part 6: Academic Procedures and Information,Registration,1,"Language Learning, Writing, and Placement",0,7,0.0
134a71383ca7,Part 6: Academic Procedures and Information,Registration,2,Elective Choices and Course Availability,0,7,0.0
134a71383ca7,Part 6: Academic Procedures and Information,Registration,3,"Politics, Economics, and Public Policy",0,7,0.0
134a71383ca7,Part 6: Academic Procedures and Information,Registration,4,"History, Culture, and the Arts",0,7,0.0
134a71383ca7,Part 6: Academic Procedures and Information,Registration,5,Academic Calendar and Class Scheduling,0,7,0.0
134a71383ca7,Part 6: Academic Procedures and Information,Registration,6,"University Mission, Services, and Study Opportunities",0,7,0.0
134a71383ca7,Part 6: Academic Procedures and Information,Registration,7,"Academic Progress, Grading, and Enrollment Status",7,7,1.0
e8500d65ef28,Part 6: Academic Procedures and Information,Undergraduate Course Load,0,STEM Courses and Major Requirements,0,16,0.0
e8500d65ef28,Part 6: Academic Procedures and Information,Undergraduate Course Load,1,"Language Learning, Writing, and Placement",0,16,0.0
e8500d65ef28,Part 6: Academic Procedures and Information,Undergraduate Course Load,2,Elective Choices and Course Availability,0,16,0.0
e8500d65ef28,Part 6: Academic Procedures and Information,Undergraduate Course Load,3,"Politics, Economics, and Public Policy",0,16,0.0
e8500d65ef28,Part 6: Academic Procedures and Information,Undergraduate Course Load,4,"History, Culture, and the Arts",0,16,0.0
e8500d65ef28,Part 6: Academic Procedures and Information,Undergraduate Course Load,5,Academic Calendar and Class Scheduling,0,16,0.0
e8500d65ef28,Part 6: Academic Procedures and Information,Undergraduate Course Load,6,"University Mission, Services, and Study Opportunities",0,16,0.0
e8500d65ef28,Part 6: Academic Procedures and Information,Undergraduate Course Load,7,"Academic Progress, Grading, and Enrollment Status",16,16,1.0
015358fc2bec,Part 6: Academic Procedures and Information,Eligibility for Courses,0,STEM Courses and Major Requirements,0,4,0.0
015358fc2bec,Part 6: Academic Procedures and Information,Eligibility for Courses,1,"Language Learning, Writing, and Placement",1,4,0.25
015358fc2bec,Part 6: Academic Procedures and Information,Eligibility for Courses,2,Elective Choices and Course Availability,0,4,0.0
015358fc2bec,Part 6: Academic Procedures and Information,Eligibility for Courses,3,"Politics, Economics, and Public Policy",0,4,0.0
015358fc2bec,Part 6: Academic Procedures and Information,Eligibility for Courses,4,"History, Culture, and the Arts",0,4,0.0
015358fc2bec,Part 6: Academic Procedures and Information,Eligibility for Courses,5,Academic Calendar and Class Scheduling,0,4,0.0
015358fc2bec,Part 6: Academic Procedures and Information,Eligibility for Courses,6,"University Mission, Services, and Study Opportunities",1,4,0.25
015358fc2bec,Part 6: Academic Procedures and Information,Eligibility for Courses,7,"Academic Progress, Grading, and Enrollment Status",2,4,0.5
284ec88cf672,Part 6: Academic Procedures and Information,Course Repeat,0,STEM Courses and Major Requirements,0,6,0.0
284ec88cf672,Part 6: Academic Procedures and Information,Course Repeat,1,"Language Learning, Writing, and Placement",1,6,0.16666666666666666
284ec88cf672,Part 6: Academic Procedures and Information,Course Repeat,2,Elective Choices and Course Availability,0,6,0.0
284ec88cf672,Part 6: Academic Procedures and Information,Course Repeat,3,"Politics, Economics, and Public Policy",0,6,0.0
284ec88cf672,Part 6: Academic Procedures and Information,Course Repeat,4,"History, Culture, and the Arts",0,6,0.0
284ec88cf672,Part 6: Academic Procedures and Information,Course Repeat,5,Academic Calendar and Class Scheduling,0,6,0.0
284ec88cf672,Part 6: Academic Procedures and Information,Course Repeat,6,"University Mission, Services, and Study Opportunities",1,6,0.16666666666666666
284ec88cf672,Part 6: Academic Procedures and Information,Course Repeat,7,"Academic Progress, Grading, and Enrollment Status",4,6,0.6666666666666666
2224c1e8aca6,Part 6: Academic Procedures and Information,Course Audit,0,STEM Courses and Major Requirements,0,1,0.0
2224c1e8aca6,Part 6: Academic Procedures and Information,Course Audit,1,"Language Learning, Writing, and Placement",0,1,0.0
2224c1e8aca6,Part 6: Academic Procedures and Information,Course Audit,2,Elective Choices and Course Availability,0,1,0.0
2224c1e8aca6,Part 6: Academic Procedures and Information,Course Audit,3,"Politics, Economics, and Public Policy",0,1,0.0
2224c1e8aca6,Part 6: Academic Procedures and Information,Course Audit,4,"History, Culture, and the Arts",0,1,0.0
2224c1e8aca6,Part 6: Academic Procedures and Information,Course Audit,5,Academic Calendar and Class Scheduling,0,1,0.0
2224c1e8aca6,Part 6: Academic Procedures and Information,Course Audit,6,"University Mission, Services, and Study Opportunities",0,1,0.0
2224c1e8aca6,Part 6: Academic Procedures and Information,Course Audit,7,"Academic Progress, Grading, and Enrollment Status",1,1,1.0
2ae99cd31cc5,Part 6: Academic Procedures and Information,Two-Credit Writing Courses,0,STEM Courses and Major Requirements,0,1,0.0
2ae99cd31cc5,Part 6: Academic Procedures and Information,Two-Credit Writing Courses,1,"Language Learning, Writing, and Placement",1,1,1.0
2ae99cd31cc5,Part 6: Academic Procedures and Information,Two-Credit Writing Courses,2,Elective Choices and Course Availability,0,1,0.0
2ae99cd31cc5,Part 6: Academic Procedures and Information,Two-Credit Writing Courses,3,"Politics, Economics, and Public Policy",0,1,0.0
2ae99cd31cc5,Part 6: Academic Procedures and Information,Two-Credit Writing Courses,4,"History, Culture, and the Arts",0,1,0.0
2ae99cd31cc5,Part 6: Academic Procedures and Information,Two-Credit Writing Courses,5,Academic Calendar and Class Scheduling,0,1,0.0
2ae99cd31cc5,Part 6: Academic Procedures and Information,Two-Credit Writing Courses,6,"University Mission, Services, and Study Opportunities",0,1,0.0
2ae99cd31cc5,Part 6: Academic Procedures and Information,Two-Credit Writing Courses,7,"Academic Progress, Grading, and Enrollment Status",0,1,0.0
6d5d5e71ad97,Part 6: Academic Procedures and Information,Independent Studies,0,STEM Courses and Major Requirements,0,2,0.0
6d5d5e71ad97,Part 6: Academic Procedures and Information,Independent Studies,1,"Language Learning, Writing, and Placement",2,2,1.0
6d5d5e71ad97,Part 6: Academic Procedures and Information,Independent Studies,2,Elective Choices and Course Availability,0,2,0.0
6d5d5e71ad97,Part 6: Academic Procedures and Information,Independent Studies,3,"Politics, Economics, and Public Policy",0,2,0.0
6d5d5e71ad97,Part 6: Academic Procedures and Information,Independent Studies,4,"History, Culture, and the Arts",0,2,0.0
6d5d5e71ad97,Part 6: Academic Procedures and Information,Independent Studies,5,Academic Calendar and Class Scheduling,0,2,0.0
6d5d5e71ad97,Part 6: Academic Procedures and Information,Independent Studies,6,"University Mission, Services, and Study Opportunities",0,2,0.0
6d5d5e71ad97,Part 6: Academic Procedures and Information,Independent Studies,7,"Academic Progress, Grading, and Enrollment Status",0,2,0.0
cd67a86f2ba6,Part 6: Academic Procedures and Information,Submission of Term Paper,0,STEM Courses and Major Requirements,0,1,0.0
cd67a86f2ba6,Part 6: Academic Procedures and Information,Submission of Term Paper,1,"Language Learning, Writing, and Placement",1,1,1.0
cd67a86f2ba6,Part 6: Academic Procedures and Information,Submission of Term Paper,2,Elective Choices and Course Availability,0,1,0.0
cd67a86f2ba6,Part 6: Academic Procedures and Information,Submission of Term Paper,3,"Politics, Economics, and Public Policy",0,1,0.0
cd67a86f2ba6,Part 6: Academic Procedures and Information,Submission of Term Paper,4,"History, Culture, and the Arts",0,1,0.0
cd67a86f2ba6,Part 6: Academic Procedures and Information,Submission of Term Paper,5,Academic Calendar and Class Scheduling,0,1,0.0
cd67a86f2ba6,Part 6: Academic Procedures and Information,Submission of Term Paper,6,"University Mission, Services, and Study Opportunities",0,1,0.0
cd67a86f2ba6,Part 6: Academic Procedures and Information,Submission of Term Paper,7,"Academic Progress, Grading, and Enrollment Status",0,1,0.0
dfe0692da229,Part 6: Academic Procedures and Information,Declaration of Major,0,STEM Courses and Major Requirements,0,2,0.0
dfe0692da229,Part 6: Academic Procedures and Information,Declaration of Major,1,"Language Learning, Writing, and Placement",0,2,0.0
dfe0692da229,Part 6: Academic Procedures and Information,Declaration of Major,2,Elective Choices and Course Availability,0,2,0.0
dfe0692da229,Part 6: Academic Procedures and Information,Declaration of Major,3,"Politics, Economics, and Public Policy",0,2,0.0
dfe0692da229,Part 6: Academic Procedures and Information,Declaration of Major,4,"History, Culture, and the Arts",0,2,0.0
dfe0692da229,Part 6: Academic Procedures and Information,Declaration of Major,5,Academic Calendar and Class Scheduling,0,2,0.0
dfe0692da229,Part 6: Academic Procedures and Information,Declaration of Major,6,"University Mission, Services, and Study Opportunities",2,2,1.0
dfe0692da229,Part 6: Academic Procedures and Information,Declaration of Major,7,"Academic Progress, Grading, and Enrollment Status",0,2,0.0
3f431dd01ce2,Part 6: Academic Procedures and Information,Class Attendance and Missed Work,0,STEM Courses and Major Requirements,0,3,0.0
3f431dd01ce2,Part 6: Academic Procedures and Information,Class Attendance and Missed Work,1,"Language Learning, Writing, and Placement",0,3,0.0
3f431dd01ce2,Part 6: Academic Procedures and Information,Class Attendance and Missed Work,2,Elective Choices and Course Availability,0,3,0.0
3f431dd01ce2,Part 6: Academic Procedures and Information,Class Attendance and Missed Work,3,"Politics, Economics, and Public Policy",0,3,0.0
3f431dd01ce2,Part 6: Academic Procedures and Information,Class Attendance and Missed Work,4,"History, Culture, and the Arts",0,3,0.0
3f431dd01ce2,Part 6: Academic Procedures and Information,Class Attendance and Missed Work,5,Academic Calendar and Class Scheduling,0,3,0.0
3f431dd01ce2,Part 6: Academic Procedures and Information,Class Attendance and Missed Work,6,"University Mission, Services, and Study Opportunities",0,3,0.0
3f431dd01ce2,Part 6: Academic Procedures and Information,Class Attendance and Missed Work,7,"Academic Progress, Grading, and Enrollment Status",3,3,1.0
e0f9873af4ee,Part 6: Academic Procedures and Information,Class Scheduling,0,STEM Courses and Major Requirements,0,1,0.0
e0f9873af4ee,Part 6: Academic Procedures and Information,Class Scheduling,1,"Language Learning, Writing, and Placement",0,1,0.0
e0f9873af4ee,Part 6: Academic Procedures and Information,Class Scheduling,2,Elective Choices and Course Availability,0,1,0.0
e0f9873af4ee,Part 6: Academic Procedures and Information,Class Scheduling,3,"Politics, Economics, and Public Policy",0,1,0.0
e0f9873af4ee,Part 6: Academic Procedures and Information,Class Scheduling,4,"History, Culture, and the Arts",0,1,0.0
e0f9873af4ee,Part 6: Academic Procedures and Information,Class Scheduling,5,Academic Calendar and Class Scheduling,1,1,1.0
e0f9873af4ee,Part 6: Academic Procedures and Information,Class Scheduling,6,"University Mission, Services, and Study Opportunities",0,1,0.0
e0f9873af4ee,Part 6: Academic Procedures and Information,Class Scheduling,7,"Academic Progress, Grading, and Enrollment Status",0,1,0.0
57445e0e07e6,Part 6: Academic Procedures and Information,Incomplete Coursework and Excused Absence from Final Exam,0,STEM Courses and Major Requirements,0,4,0.0
57445e0e07e6,Part 6: Academic Procedures and Information,Incomplete Coursework and Excused Absence from Final Exam,1,"Language Learning, Writing, and Placement",0,4,0.0
57445e0e07e6,Part 6: Academic Procedures and Information,Incomplete Coursework and Excused Absence from Final Exam,2,Elective Choices and Course Availability,0,4,0.0
57445e0e07e6,Part 6: Academic Procedures and Information,Incomplete Coursework and Excused Absence from Final Exam,3,"Politics, Economics, and Public Policy",0,4,0.0
57445e0e07e6,Part 6: Academic Procedures and Information,Incomplete Coursework and Excused Absence from Final Exam,4,"History, Culture, and the Arts",0,4,0.0
57445e0e07e6,Part 6: Academic Procedures and Information,Incomplete Coursework and Excused Absence from Final Exam,5,Academic Calendar and Class Scheduling,0,4,0.0
57445e0e07e6,Part 6: Academic Procedures and Information,Incomplete Coursework and Excused Absence from Final Exam,6,"University Mission, Services, and Study Opportunities",0,4,0.0
57445e0e07e6,Part 6: Academic Procedures and Information,Incomplete Coursework and Excused Absence from Final Exam,7,"Academic Progress, Grading, and Enrollment Status",4,4,1.0
3432860f8b02,Part 6: Academic Procedures and Information,Final Examinations,0,STEM Courses and Major Requirements,0,3,0.0
3432860f8b02,Part 6: Academic Procedures and Information,Final Examinations,1,"Language Learning, Writing, and Placement",0,3,0.0
3432860f8b02,Part 6: Academic Procedures and Information,Final Examinations,2,Elective Choices and Course Availability,0,3,0.0
3432860f8b02,Part 6: Academic Procedures and Information,Final Examinations,3,"Politics, Economics, and Public Policy",0,3,0.0
3432860f8b02,Part 6: Academic Procedures and Information,Final Examinations,4,"History, Culture, and the Arts",0,3,0.0
3432860f8b02,Part 6: Academic Procedures and Information,Final Examinations,5,Academic Calendar and Class Scheduling,1,3,0.3333333333333333
3432860f8b02,Part 6: Academic Procedures and Information,Final Examinations,6,"University Mission, Services, and Study Opportunities",0,3,0.0
3432860f8b02,Part 6: Academic Procedures and Information,Final Examinations,7,"Academic Progress, Grading, and Enrollment Status",2,3,0.6666666666666666
57f488b6f6f5,Part 6: Academic Procedures and Information,Grading and Grade Requirements,0,STEM Courses and Major Requirements,0,22,0.0
57f488b6f6f5,Part 6: Academic Procedures and Information,Grading and Grade Requirements,1,"Language Learning, Writing, and Placement",3,22,0.13636363636363635
57f488b6f6f5,Part 6: Academic Procedures and Information,Grading and Grade Requirements,2,Elective Choices and Course Availability,0,22,0.0
57f488b6f6f5,Part 6: Academic Procedures and Information,Grading and Grade Requirements,3,"Politics, Economics, and Public Policy",0,22,0.0
57f488b6f6f5,Part 6: Academic Procedures and Information,Grading and Grade Requirements,4,"History, Culture, and the Arts",0,22,0.0
57f488b6f6f5,Part 6: Academic Procedures and Information,Grading and Grade Requirements,5,Academic Calendar and Class Scheduling,0,22,0.0
57f488b6f6f5,Part 6: Academic Procedures and Information,Grading and Grade Requirements,6,"University Mission, Services, and Study Opportunities",3,22,0.13636363636363635
57f488b6f6f5,Part 6: Academic Procedures and Information,Grading and Grade Requirements,7,"Academic Progress, Grading, and Enrollment Status",16,22,0.7272727272727273
106f7157272a,Part 6: Academic Procedures and Information,Progress toward Degree,0,STEM Courses and Major Requirements,0,6,0.0
106f7157272a,Part 6: Academic Procedures and Information,Progress toward Degree,1,"Language Learning, Writing, and Placement",0,6,0.0
106f7157272a,Part 6: Academic Procedures and Information,Progress toward Degree,2,Elective Choices and Course Availability,0,6,0.0
106f7157272a,Part 6: Academic Procedures and Information,Progress toward Degree,3,"Politics, Economics, and Public Policy",0,6,0.0
106f7157272a,Part 6: Academic Procedures and Information,Progress toward Degree,4,"History, Culture, and the Arts",0,6,0.0
106f7157272a,Part 6: Academic Procedures and Information,Progress toward Degree,5,Academic Calendar and Class Scheduling,0,6,0.0
106f7157272a,Part 6: Academic Procedures and Information,Progress toward Degree,6,"University Mission, Services, and Study Opportunities",1,6,0.16666666666666666
106f7157272a,Part 6: Academic Procedures and Information,Progress toward Degree,7,"Academic Progress, Grading, and Enrollment Status",5,6,0.8333333333333334
411c9e18a697,Part 6: Academic Procedures and Information,"Academic Warning, Probation, and Suspension for Students in the Classes of 2022-2024",0,STEM Courses and Major Requirements,0,11,0.0
411c9e18a697,Part 6: Academic Procedures and Information,"Academic Warning, Probation, and Suspension for Students in the Classes of 2022-2024",1,"Language Learning, Writing, and Placement",0,11,0.0
411c9e18a697,Part 6: Academic Procedures and Information,"Academic Warning, Probation, and Suspension for Students in the Classes of 2022-2024",2,Elective Choices and Course Availability,0,11,0.0
411c9e18a697,Part 6: Academic Procedures and Information,"Academic Warning, Probation, and Suspension for Students in the Classes of 2022-2024",3,"Politics, Economics, and Public Policy",0,11,0.0
411c9e18a697,Part 6: Academic Procedures and Information,"Academic Warning, Probation, and Suspension for Students in the Classes of 2022-2024",4,"History, Culture, and the Arts",0,11,0.0
411c9e18a697,Part 6: Academic Procedures and Information,"Academic Warning, Probation, and Suspension for Students in the Classes of 2022-2024",5,Academic Calendar and Class Scheduling,0,11,0.0
411c9e18a697,Part 6: Academic Procedures and Information,"Academic Warning, Probation, and Suspension for Students in the Classes of 2022-2024",6,"University Mission, Services, and Study Opportunities",0,11,0.0
411c9e18a697,Part 6: Academic Procedures and Information,"Academic Warning, Probation, and Suspension for Students in the Classes of 2022-2024",7,"Academic Progress, Grading, and Enrollment Status",11,11,1.0
a3976067cd4a,Part 6: Academic Procedures and Information,"Academic Warning, Probation, and Suspension for Students in the Class of 2025 and Beyond",0,STEM Courses and Major Requirements,0,11,0.0
a3976067cd4a,Part 6: Academic Procedures and Information,"Academic Warning, Probation, and Suspension for Students in the Class of 2025 and Beyond",1,"Language Learning, Writing, and Placement",0,11,0.0
a3976067cd4a,Part 6: Academic Procedures and Information,"Academic Warning, Probation, and Suspension for Students in the Class of 2025 and Beyond",2,Elective Choices and Course Availability,0,11,0.0
a3976067cd4a,Part 6: Academic Procedures and Information,"Academic Warning, Probation, and Suspension for Students in the Class of 2025 and Beyond",3,"Politics, Economics, and Public Policy",0,11,0.0
a3976067cd4a,Part 6: Academic Procedures and Information,"Academic Warning, Probation, and Suspension for Students in the Class of 2025 and Beyond",4,"History, Culture, and the Arts",0,11,0.0
a3976067cd4a,Part 6: Academic Procedures and Information,"Academic Warning, Probation, and Suspension for Students in the Class of 2025 and Beyond",5,Academic Calendar and Class Scheduling,0,11,0.0
a3976067cd4a,Part 6: Academic Procedures and Information,"Academic Warning, Probation, and Suspension for Students in the Class of 2025 and Beyond",6,"University Mission, Services, and Study Opportunities",0,11,0.0
a3976067cd4a,Part 6: Academic Procedures and Information,"Academic Warning, Probation, and Suspension for Students in the Class of 2025 and Beyond",7,"Academic Progress, Grading, and Enrollment Status",11,11,1.0
5bf5a13dc4bc,Part 6: Academic Procedures and Information,Changes in Status,0,STEM Courses and Major Requirements,0,12,0.0
5bf5a13dc4bc,Part 6: Academic Procedures and Information,Changes in Status,1,"Language Learning, Writing, and Placement",0,12,0.0
5bf5a13dc4bc,Part 6: Academic Procedures and Information,Changes in Status,2,Elective Choices and Course Availability,0,12,0.0
5bf5a13dc4bc,Part 6: Academic Procedures and Information,Changes in Status,3,"Politics, Economics, and Public Policy",0,12,0.0
5bf5a13dc4bc,Part 6: Academic Procedures and Information,Changes in Status,4,"History, Culture, and the Arts",0,12,0.0
5bf5a13dc4bc,Part 6: Academic Procedures and Information,Changes in Status,5,Academic Calendar and Class Scheduling,0,12,0.0
5bf5a13dc4bc,Part 6: Academic Procedures and Information,Changes in Status,6,"University Mission, Services, and Study Opportunities",1,12,0.08333333333333333
5bf5a13dc4bc,Part 6: Academic Procedures and Information,Changes in Status,7,"Academic Progress, Grading, and Enrollment Status",11,12,0.9166666666666666
0f14a71c9ed7,Part 6: Academic Procedures and Information,Academic Recognition and Honors,0,STEM Courses and Major Requirements,0,4,0.0
0f14a71c9ed7,Part 6: Academic Procedures and Information,Academic Recognition and Honors,1,"Language Learning, Writing, and Placement",0,4,0.0
0f14a71c9ed7,Part 6: Academic Procedures and Information,Academic Recognition and Honors,2,Elective Choices and Course Availability,0,4,0.0
0f14a71c9ed7,Part 6: Academic Procedures and Information,Academic Recognition and Honors,3,"Politics, Economics, and Public Policy",0,4,0.0
0f14a71c9ed7,Part 6: Academic Procedures and Information,Academic Recognition and Honors,4,"History, Culture, and the Arts",0,4,0.0
0f14a71c9ed7,Part 6: Academic Procedures and Information,Academic Recognition and Honors,5,Academic Calendar and Class Scheduling,0,4,0.0
0f14a71c9ed7,Part 6: Academic Procedures and Information,Academic Recognition and Honors,6,"University Mission, Services, and Study Opportunities",2,4,0.5
0f14a71c9ed7,Part 6: Academic Procedures and Information,Academic Recognition and Honors,7,"Academic Progress, Grading, and Enrollment Status",2,4,0.5
d8f4b2200501,Part 6: Academic Procedures and Information,Notification of Intention to Graduate,0,STEM Courses and Major Requirements,0,1,0.0
d8f4b2200501,Part 6: Academic Procedures and Information,Notification of Intention to Graduate,1,"Language Learning, Writing, and Placement",0,1,0.0
d8f4b2200501,Part 6: Academic Procedures and Information,Notification of Intention to Graduate,2,Elective Choices and Course Availability,0,1,0.0
d8f4b2200501,Part 6: Academic Procedures and Information,Notification of Intention to Graduate,3,"Politics, Economics, and Public Policy",0,1,0.0
d8f4b2200501,Part 6: Academic Procedures and Information,Notification of Intention to Graduate,4,"History, Culture, and the Arts",0,1,0.0
d8f4b2200501,Part 6: Academic Procedures and Information,Notification of Intention to Graduate,5,Academic Calendar and Class Scheduling,0,1,0.0
d8f4b2200501,Part 6: Academic Procedures and Information,Notification of Intention to Graduate,6,"University Mission, Services, and Study Opportunities",1,1,1.0
d8f4b2200501,Part 6: Academic Procedures and Information,Notification of Intention to Graduate,7,"Academic Progress, Grading, and Enrollment Status",0,1,0.0
900f9f51a8ff,Part 6: Academic Procedures and Information,Graduation and Commencement,0,STEM Courses and Major Requirements,0,1,0.0
900f9f51a8ff,Part 6: Academic Procedures and Information,Graduation and Commencement,1,"Language Learning, Writing, and Placement",0,1,0.0
900f9f51a8ff,Part 6: Academic Procedures and Information,Graduation and Commencement,2,Elective Choices and Course Availability,0,1,0.0
900f9f51a8ff,Part 6: Academic Procedures and Information,Graduation and Commencement,3,"Politics, Economics, and Public Policy",0,1,0.0
900f9f51a8ff,Part 6: Academic Procedures and Information,Graduation and Commencement,4,"History, Culture, and the Arts",0,1,0.0
900f9f51a8ff,Part 6: Academic Procedures and Information,Graduation and Commencement,5,Academic Calendar and Class Scheduling,1,1,1.0
900f9f51a8ff,Part 6: Academic Procedures and Information,Graduation and Commencement,6,"University Mission, Services, and Study Opportunities",0,1,0.0
900f9f51a8ff,Part 6: Academic Procedures and Information,Graduation and Commencement,7,"Academic Progress, Grading, and Enrollment Status",0,1,0.0
c44c7c8101b5,Part 6: Academic Procedures and Information,Education Records,0,STEM Courses and Major Requirements,0,4,0.0
c44c7c8101b5,Part 6: Academic Procedures and Information,Education Records,1,"Language Learning, Writing, and Placement",0,4,0.0
c44c7c8101b5,Part 6: Academic Procedures and Information,Education Records,2,Elective Choices and Course Availability,0,4,0.0
c44c7c8101b5,Part 6: Academic Procedures and Information,Education Records,3,"Politics, Economics, and Public Policy",0,4,0.0
c44c7c8101b5,Part 6: Academic Procedures and Information,Education Records,4,"History, Culture, and the Arts",0,4,0.0
c44c7c8101b5,Part 6: Academic Procedures and Information,Education Records,5,Academic Calendar and Class Scheduling,0,4,0.0
c44c7c8101b5,Part 6: Academic Procedures and Information,Education Records,6,"University Mission, Services, and Study Opportunities",3,4,0.75
c44c7c8101b5,Part 6: Academic Procedures and Information,Education Records,7,"Academic Progress, Grading, and Enrollment Status",1,4,0.25
c81b1480573c,Part 6: Academic Procedures and Information,The Provision of Academic Information to Parents and Guardians,0,STEM Courses and Major Requirements,0,1,0.0
c81b1480573c,Part 6: Academic Procedures and Information,The Provision of Academic Information to Parents and Guardians,1,"Language Learning, Writing, and Placement",0,1,0.0
c81b1480573c,Part 6: Academic Procedures and Information,The Provision of Academic Information to Parents and Guardians,2,Elective Choices and Course Availability,0,1,0.0
c81b1480573c,Part 6: Academic Procedures and Information,The Provision of Academic Information to Parents and Guardians,3,"Politics, Economics, and Public Policy",0,1,0.0
c81b1480573c,Part 6: Academic Procedures and Information,The Provision of Academic Information to Parents and Guardians,4,"History, Culture, and the Arts",0,1,0.0
c81b1480573c,Part 6: Academic Procedures and Information,The Provision of Academic Information to Parents and Guardians,5,Academic Calendar and Class Scheduling,0,1,0.0
c81b1480573c,Part 6: Academic Procedures and Information,The Provision of Academic Information to Parents and Guardians,6,"University Mission, Services, and Study Opportunities",0,1,0.0
c81b1480573c,Part 6: Academic Procedures and Information,The Provision of Academic Information to Parents and Guardians,7,"Academic Progress, Grading, and Enrollment Status",1,1,1.0
8d86f0867d0a,Part 6: Academic Procedures and Information,Procedure for Resolution of Students' Academic Concerns,0,STEM Courses and Major Requirements,0,8,0.0
8d86f0867d0a,Part 6: Academic Procedures and Information,Procedure for Resolution of Students' Academic Concerns,1,"Language Learning, Writing, and Placement",0,8,0.0
8d86f0867d0a,Part 6: Academic Procedures and Information,Procedure for Resolution of Students' Academic Concerns,2,Elective Choices and Course Availability,0,8,0.0
8d86f0867d0a,Part 6: Academic Procedures and Information,Procedure for Resolution of Students' Academic Concerns,3,"Politics, Economics, and Public Policy",0,8,0.0
8d86f0867d0a,Part 6: Academic Procedures and Information,Procedure for Resolution of Students' Academic Concerns,4,"History, Culture, and the Arts",0,8,0.0
8d86f0867d0a,Part 6: Academic Procedures and Information,Procedure for Resolution of Students' Academic Concerns,5,Academic Calendar and Class Scheduling,0,8,0.0
8d86f0867d0a,Part 6: Academic Procedures and Information,Procedure for Resolution of Students' Academic Concerns,6,"University Mission, Services, and Study Opportunities",4,8,0.5
8d86f0867d0a,Part 6: Academic Procedures and Information,Procedure for Resolution of Students' Academic Concerns,7,"Academic Progress, Grading, and Enrollment Status",4,8,0.5
75f9d92772ff,Part 6: Academic Procedures and Information,Grade Review Procedure,0,STEM Courses and Major Requirements,0,5,0.0
75f9d92772ff,Part 6: Academic Procedures and Information,Grade Review Procedure,1,"Language Learning, Writing, and Placement",0,5,0.0
75f9d92772ff,Part 6: Academic Procedures and Information,Grade Review Procedure,2,Elective Choices and Course Availability,0,5,0.0
75f9d92772ff,Part 6: Academic Procedures and Information,Grade Review Procedure,3,"Politics, Economics, and Public Policy",0,5,0.0
75f9d92772ff,Part 6: Academic Procedures and Information,Grade Review Procedure,4,"History, Culture, and the Arts",0,5,0.0
75f9d92772ff,Part 6: Academic Procedures and Information,Grade Review Procedure,5,Academic Calendar and Class Scheduling,0,5,0.0
75f9d92772ff,Part 6: Academic Procedures and Information,Grade Review Procedure,6,"University Mission, Services, and Study Opportunities",0,5,0.0
75f9d92772ff,Part 6: Academic Procedures and Information,Grade Review Procedure,7,"Academic Progress, Grading, and Enrollment Status",5,5,1.0
d368a3fced31,Part 6: Academic Procedures and Information,Exclusion of Disruptive Students from a Course,0,STEM Courses and Major Requirements,0,2,0.0
d368a3fced31,Part 6: Academic Procedures and Information,Exclusion of Disruptive Students from a Course,1,"Language Learning, Writing, and Placement",0,2,0.0
d368a3fced31,Part 6: Academic Procedures and Information,Exclusion of Disruptive Students from a Course,2,Elective Choices and Course Availability,0,2,0.0
d368a3fced31,Part 6: Academic Procedures and Information,Exclusion of Disruptive Students from a Course,3,"Politics, Economics, and Public Policy",0,2,0.0
d368a3fced31,Part 6: Academic Procedures and Information,Exclusion of Disruptive Students from a Course,4,"History, Culture, and the Arts",0,2,0.0
d368a3fced31,Part 6: Academic Procedures and Information,Exclusion of Disruptive Students from a Course,5,Academic Calendar and Class Scheduling,0,2,0.0
d368a3fced31,Part 6: Academic Procedures and Information,Exclusion of Disruptive Students from a Course,6,"University Mission, Services, and Study Opportunities",0,2,0.0
d368a3fced31,Part 6: Academic Procedures and Information,Exclusion of Disruptive Students from a Course,7,"Academic Progress, Grading, and Enrollment Status",2,2,1.0
2495b2e06325,Part 6: Academic Procedures and Information,Compliance with Academic Regulations,0,STEM Courses and Major Requirements,0,1,0.0
2495b2e06325,Part 6: Academic Procedures and Information,Compliance with Academic Regulations,1,"Language Learning, Writing, and Placement",0,1,0.0
2495b2e06325,Part 6: Academic Procedures and Information,Compliance with Academic Regulations,2,Elective Choices and Course Availability,0,1,0.0
2495b2e06325,Part 6: Academic Procedures and Information,Compliance with Academic Regulations,3,"Politics, Economics, and Public Policy",0,1,0.0
2495b2e06325,Part 6: Academic Procedures and Information,Compliance with Academic Regulations,4,"History, Culture, and the Arts",0,1,0.0
2495b2e06325,Part 6: Academic Procedures and Information,Compliance with Academic Regulations,5,Academic Calendar and Class Scheduling,0,1,0.0
2495b2e06325,Part 6: Academic Procedures and Information,Compliance with Academic Regulations,6,"University Mission, Services, and Study Opportunities",0,1,0.0
2495b2e06325,Part 6: Academic Procedures and Information,Compliance with Academic Regulations,7,"Academic Progress, Grading, and Enrollment Status",1,1,1.0
bd8ac966c65c,Part 6: Academic Procedures and Information,Religious Holidays,0,STEM Courses and Major Requirements,0,1,0.0
bd8ac966c65c,Part 6: Academic Procedures and Information,Religious Holidays,1,"Language Learning, Writing, and Placement",0,1,0.0
bd8ac966c65c,Part 6: Academic Procedures and Information,Religious Holidays,2,Elective Choices and Course Availability,0,1,0.0
bd8ac966c65c,Part 6: Academic Procedures and Information,Religious Holidays,3,"Politics, Economics, and Public Policy",0,1,0.0
bd8ac966c65c,Part 6: Academic Procedures and Information,Religious Holidays,4,"History, Culture, and the Arts",0,1,0.0
bd8ac966c65c,Part 6: Academic Procedures and Information,Religious Holidays,5,Academic Calendar and Class Scheduling,0,1,0.0
bd8ac966c65c,Part 6: Academic Procedures and Information,Religious Holidays,6,"University Mission, Services, and Study Opportunities",1,1,1.0
bd8ac966c65c,Part 6: Academic Procedures and Information,Religious Holidays,7,"Academic Progress, Grading, and Enrollment Status",0,1,0.0
dec7271d782e,Part 7: Academic Advising and Support,Chapter introduction,0,STEM Courses and Major Requirements,0,1,0.0
dec7271d782e,Part 7: Academic Advising and Support,Chapter introduction,1,"Language Learning, Writing, and Placement",0,1,0.0
dec7271d782e,Part 7: Academic Advising and Support,Chapter introduction,2,Elective Choices and Course Availability,0,1,0.0
dec7271d782e,Part 7: Academic Advising and Support,Chapter introduction,3,"Politics, Economics, and Public Policy",0,1,0.0
dec7271d782e,Part 7: Academic Advising and Support,Chapter introduction,4,"History, Culture, and the Arts",0,1,0.0
dec7271d782e,Part 7: Academic Advising and Support,Chapter introduction,5,Academic Calendar and Class Scheduling,0,1,0.0
dec7271d782e,Part 7: Academic Advising and Support,Chapter introduction,6,"University Mission, Services, and Study Opportunities",1,1,1.0
dec7271d782e,Part 7: Academic Advising and Support,Chapter introduction,7,"Academic Progress, Grading, and Enrollment Status",0,1,0.0
edc978778375,Part 7: Academic Advising and Support,Academic Advising,0,STEM Courses and Major Requirements,0,4,0.0
edc978778375,Part 7: Academic Advising and Support,Academic Advising,1,"Language Learning, Writing, and Placement",0,4,0.0
edc978778375,Part 7: Academic Advising and Support,Academic Advising,2,Elective Choices and Course Availability,0,4,0.0
edc978778375,Part 7: Academic Advising and Support,Academic Advising,3,"Politics, Economics, and Public Policy",0,4,0.0
edc978778375,Part 7: Academic Advising and Support,Academic Advising,4,"History, Culture, and the Arts",0,4,0.0
edc978778375,Part 7: Academic Advising and Support,Academic Advising,5,Academic Calendar and Class Scheduling,0,4,0.0
edc978778375,Part 7: Academic Advising and Support,Academic Advising,6,"University Mission, Services, and Study Opportunities",4,4,1.0
edc978778375,Part 7: Academic Advising and Support,Academic Advising,7,"Academic Progress, Grading, and Enrollment Status",0,4,0.0
0bcfee98289b,Part 7: Academic Advising and Support,Academic Resource Center,0,STEM Courses and Major Requirements,0,5,0.0
0bcfee98289b,Part 7: Academic Advising and Support,Academic Resource Center,1,"Language Learning, Writing, and Placement",0,5,0.0
0bcfee98289b,Part 7: Academic Advising and Support,Academic Resource Center,2,Elective Choices and Course Availability,0,5,0.0
0bcfee98289b,Part 7: Academic Advising and Support,Academic Resource Center,3,"Politics, Economics, and Public Policy",0,5,0.0
0bcfee98289b,Part 7: Academic Advising and Support,Academic Resource Center,4,"History, Culture, and the Arts",0,5,0.0
0bcfee98289b,Part 7: Academic Advising and Support,Academic Resource Center,5,Academic Calendar and Class Scheduling,0,5,0.0
0bcfee98289b,Part 7: Academic Advising and Support,Academic Resource Center,6,"University Mission, Services, and Study Opportunities",5,5,1.0
0bcfee98289b,Part 7: Academic Advising and Support,Academic Resource Center,7,"Academic Progress, Grading, and Enrollment Status",0,5,0.0
4cb87aa32d0c,Part 7: Academic Advising and Support,Seven Principles of Duke Kunshan University Academic Advising,0,STEM Courses and Major Requirements,0,2,0.0
4cb87aa32d0c,Part 7: Academic Advising and Support,Seven Principles of Duke Kunshan University Academic Advising,1,"Language Learning, Writing, and Placement",0,2,0.0
4cb87aa32d0c,Part 7: Academic Advising and Support,Seven Principles of Duke Kunshan University Academic Advising,2,Elective Choices and Course Availability,0,2,0.0
4cb87aa32d0c,Part 7: Academic Advising and Support,Seven Principles of Duke Kunshan University Academic Advising,3,"Politics, Economics, and Public Policy",0,2,0.0
4cb87aa32d0c,Part 7: Academic Advising and Support,Seven Principles of Duke Kunshan University Academic Advising,4,"History, Culture, and the Arts",0,2,0.0
4cb87aa32d0c,Part 7: Academic Advising and Support,Seven Principles of Duke Kunshan University Academic Advising,5,Academic Calendar and Class Scheduling,0,2,0.0
4cb87aa32d0c,Part 7: Academic Advising and Support,Seven Principles of Duke Kunshan University Academic Advising,6,"University Mission, Services, and Study Opportunities",2,2,1.0
4cb87aa32d0c,Part 7: Academic Advising and Support,Seven Principles of Duke Kunshan University Academic Advising,7,"Academic Progress, Grading, and Enrollment Status",0,2,0.0
080351a33f88,"Part 8: Career Services, Study Away, and Research Opportunities",Career Services,0,STEM Courses and Major Requirements,1,7,0.14285714285714285
080351a33f88,"Part 8: Career Services, Study Away, and Research Opportunities",Career Services,1,"Language Learning, Writing, and Placement",0,7,0.0
080351a33f88,"Part 8: Career Services, Study Away, and Research Opportunities",Career Services,2,Elective Choices and Course Availability,0,7,0.0
080351a33f88,"Part 8: Career Services, Study Away, and Research Opportunities",Career Services,3,"Politics, Economics, and Public Policy",0,7,0.0
080351a33f88,"Part 8: Career Services, Study Away, and Research Opportunities",Career Services,4,"History, Culture, and the Arts",0,7,0.0
080351a33f88,"Part 8: Career Services, Study Away, and Research Opportunities",Career Services,5,Academic Calendar and Class Scheduling,0,7,0.0
080351a33f88,"Part 8: Career Services, Study Away, and Research Opportunities",Career Services,6,"University Mission, Services, and Study Opportunities",6,7,0.8571428571428571
080351a33f88,"Part 8: Career Services, Study Away, and Research Opportunities",Career Services,7,"Academic Progress, Grading, and Enrollment Status",0,7,0.0
d256bafc2b87,"Part 8: Career Services, Study Away, and Research Opportunities",Student Research Opportunities,0,STEM Courses and Major Requirements,0,2,0.0
d256bafc2b87,"Part 8: Career Services, Study Away, and Research Opportunities",Student Research Opportunities,1,"Language Learning, Writing, and Placement",0,2,0.0
d256bafc2b87,"Part 8: Career Services, Study Away, and Research Opportunities",Student Research Opportunities,2,Elective Choices and Course Availability,0,2,0.0
d256bafc2b87,"Part 8: Career Services, Study Away, and Research Opportunities",Student Research Opportunities,3,"Politics, Economics, and Public Policy",0,2,0.0
d256bafc2b87,"Part 8: Career Services, Study Away, and Research Opportunities",Student Research Opportunities,4,"History, Culture, and the Arts",0,2,0.0
d256bafc2b87,"Part 8: Career Services, Study Away, and Research Opportunities",Student Research Opportunities,5,Academic Calendar and Class Scheduling,0,2,0.0
d256bafc2b87,"Part 8: Career Services, Study Away, and Research Opportunities",Student Research Opportunities,6,"University Mission, Services, and Study Opportunities",2,2,1.0
d256bafc2b87,"Part 8: Career Services, Study Away, and Research Opportunities",Student Research Opportunities,7,"Academic Progress, Grading, and Enrollment Status",0,2,0.0
a717c9075c89,"Part 8: Career Services, Study Away, and Research Opportunities",Office of Global Education and Study Away,0,STEM Courses and Major Requirements,0,19,0.0
a717c9075c89,"Part 8: Career Services, Study Away, and Research Opportunities",Office of Global Education and Study Away,1,"Language Learning, Writing, and Placement",0,19,0.0
a717c9075c89,"Part 8: Career Services, Study Away, and Research Opportunities",Office of Global Education and Study Away,2,Elective Choices and Course Availability,0,19,0.0
a717c9075c89,"Part 8: Career Services, Study Away, and Research Opportunities",Office of Global Education and Study Away,3,"Politics, Economics, and Public Policy",0,19,0.0
a717c9075c89,"Part 8: Career Services, Study Away, and Research Opportunities",Office of Global Education and Study Away,4,"History, Culture, and the Arts",0,19,0.0
a717c9075c89,"Part 8: Career Services, Study Away, and Research Opportunities",Office of Global Education and Study Away,5,Academic Calendar and Class Scheduling,0,19,0.0
a717c9075c89,"Part 8: Career Services, Study Away, and Research Opportunities",Office of Global Education and Study Away,6,"University Mission, Services, and Study Opportunities",15,19,0.7894736842105263
a717c9075c89,"Part 8: Career Services, Study Away, and Research Opportunities",Office of Global Education and Study Away,7,"Academic Progress, Grading, and Enrollment Status",4,19,0.21052631578947367
8817a646b581,Part 9: Student Affairs and Campus Life,Student Affairs,0,STEM Courses and Major Requirements,0,2,0.0
8817a646b581,Part 9: Student Affairs and Campus Life,Student Affairs,1,"Language Learning, Writing, and Placement",0,2,0.0
8817a646b581,Part 9: Student Affairs and Campus Life,Student Affairs,2,Elective Choices and Course Availability,0,2,0.0
8817a646b581,Part 9: Student Affairs and Campus Life,Student Affairs,3,"Politics, Economics, and Public Policy",0,2,0.0
8817a646b581,Part 9: Student Affairs and Campus Life,Student Affairs,4,"History, Culture, and the Arts",0,2,0.0
8817a646b581,Part 9: Student Affairs and Campus Life,Student Affairs,5,Academic Calendar and Class Scheduling,0,2,0.0
8817a646b581,Part 9: Student Affairs and Campus Life,Student Affairs,6,"University Mission, Services, and Study Opportunities",2,2,1.0
8817a646b581,Part 9: Student Affairs and Campus Life,Student Affairs,7,"Academic Progress, Grading, and Enrollment Status",0,2,0.0
d3220c043d37,Part 9: Student Affairs and Campus Life,Student Affairs Conceptual Framework,0,STEM Courses and Major Requirements,0,2,0.0
d3220c043d37,Part 9: Student Affairs and Campus Life,Student Affairs Conceptual Framework,1,"Language Learning, Writing, and Placement",0,2,0.0
d3220c043d37,Part 9: Student Affairs and Campus Life,Student Affairs Conceptual Framework,2,Elective Choices and Course Availability,0,2,0.0
d3220c043d37,Part 9: Student Affairs and Campus Life,Student Affairs Conceptual Framework,3,"Politics, Economics, and Public Policy",1,2,0.5
d3220c043d37,Part 9: Student Affairs and Campus Life,Student Affairs Conceptual Framework,4,"History, Culture, and the Arts",0,2,0.0
d3220c043d37,Part 9: Student Affairs and Campus Life,Student Affairs Conceptual Framework,5,Academic Calendar and Class Scheduling,0,2,0.0
d3220c043d37,Part 9: Student Affairs and Campus Life,Student Affairs Conceptual Framework,6,"University Mission, Services, and Study Opportunities",1,2,0.5
d3220c043d37,Part 9: Student Affairs and Campus Life,Student Affairs Conceptual Framework,7,"Academic Progress, Grading, and Enrollment Status",0,2,0.0
d947e2a528af,Part 9: Student Affairs and Campus Life,Residence Life,0,STEM Courses and Major Requirements,0,2,0.0
d947e2a528af,Part 9: Student Affairs and Campus Life,Residence Life,1,"Language Learning, Writing, and Placement",0,2,0.0
d947e2a528af,Part 9: Student Affairs and Campus Life,Residence Life,2,Elective Choices and Course Availability,0,2,0.0
d947e2a528af,Part 9: Student Affairs and Campus Life,Residence Life,3,"Politics, Economics, and Public Policy",0,2,0.0
d947e2a528af,Part 9: Student Affairs and Campus Life,Residence Life,4,"History, Culture, and the Arts",0,2,0.0
d947e2a528af,Part 9: Student Affairs and Campus Life,Residence Life,5,Academic Calendar and Class Scheduling,0,2,0.0
d947e2a528af,Part 9: Student Affairs and Campus Life,Residence Life,6,"University Mission, Services, and Study Opportunities",2,2,1.0
d947e2a528af,Part 9: Student Affairs and Campus Life,Residence Life,7,"Academic Progress, Grading, and Enrollment Status",0,2,0.0
e03ae2e5f26a,Part 9: Student Affairs and Campus Life,Accommodations,0,STEM Courses and Major Requirements,0,3,0.0
e03ae2e5f26a,Part 9: Student Affairs and Campus Life,Accommodations,1,"Language Learning, Writing, and Placement",0,3,0.0
e03ae2e5f26a,Part 9: Student Affairs and Campus Life,Accommodations,2,Elective Choices and Course Availability,0,3,0.0
e03ae2e5f26a,Part 9: Student Affairs and Campus Life,Accommodations,3,"Politics, Economics, and Public Policy",0,3,0.0
e03ae2e5f26a,Part 9: Student Affairs and Campus Life,Accommodations,4,"History, Culture, and the Arts",0,3,0.0
e03ae2e5f26a,Part 9: Student Affairs and Campus Life,Accommodations,5,Academic Calendar and Class Scheduling,0,3,0.0
e03ae2e5f26a,Part 9: Student Affairs and Campus Life,Accommodations,6,"University Mission, Services, and Study Opportunities",1,3,0.3333333333333333
e03ae2e5f26a,Part 9: Student Affairs and Campus Life,Accommodations,7,"Academic Progress, Grading, and Enrollment Status",2,3,0.6666666666666666
5ed73b76d3e8,Part 9: Student Affairs and Campus Life,Leadership Development,0,STEM Courses and Major Requirements,0,1,0.0
5ed73b76d3e8,Part 9: Student Affairs and Campus Life,Leadership Development,1,"Language Learning, Writing, and Placement",0,1,0.0
5ed73b76d3e8,Part 9: Student Affairs and Campus Life,Leadership Development,2,Elective Choices and Course Availability,0,1,0.0
5ed73b76d3e8,Part 9: Student Affairs and Campus Life,Leadership Development,3,"Politics, Economics, and Public Policy",0,1,0.0
5ed73b76d3e8,Part 9: Student Affairs and Campus Life,Leadership Development,4,"History, Culture, and the Arts",0,1,0.0
5ed73b76d3e8,Part 9: Student Affairs and Campus Life,Leadership Development,5,Academic Calendar and Class Scheduling,0,1,0.0
5ed73b76d3e8,Part 9: Student Affairs and Campus Life,Leadership Development,6,"University Mission, Services, and Study Opportunities",1,1,1.0
5ed73b76d3e8,Part 9: Student Affairs and Campus Life,Leadership Development,7,"Academic Progress, Grading, and Enrollment Status",0,1,0.0
ed2a053c14d7,Part 9: Student Affairs and Campus Life,Campus Engagement,0,STEM Courses and Major Requirements,0,1,0.0
ed2a053c14d7,Part 9: Student Affairs and Campus Life,Campus Engagement,1,"Language Learning, Writing, and Placement",0,1,0.0
ed2a053c14d7,Part 9: Student Affairs and Campus Life,Campus Engagement,2,Elective Choices and Course Availability,0,1,0.0
ed2a053c14d7,Part 9: Student Affairs and Campus Life,Campus Engagement,3,"Politics, Economics, and Public Policy",0,1,0.0
ed2a053c14d7,Part 9: Student Affairs and Campus Life,Campus Engagement,4,"History, Culture, and the Arts",0,1,0.0
ed2a053c14d7,Part 9: Student Affairs and Campus Life,Campus Engagement,5,Academic Calendar and Class Scheduling,0,1,0.0
ed2a053c14d7,Part 9: Student Affairs and Campus Life,Campus Engagement,6,"University Mission, Services, and Study Opportunities",1,1,1.0
ed2a053c14d7,Part 9: Student Affairs and Campus Life,Campus Engagement,7,"Academic Progress, Grading, and Enrollment Status",0,1,0.0
4078d267a0a9,Part 9: Student Affairs and Campus Life,Arts and Culture,0,STEM Courses and Major Requirements,0,1,0.0
4078d267a0a9,Part 9: Student Affairs and Campus Life,Arts and Culture,1,"Language Learning, Writing, and Placement",0,1,0.0
4078d267a0a9,Part 9: Student Affairs and Campus Life,Arts and Culture,2,Elective Choices and Course Availability,0,1,0.0
4078d267a0a9,Part 9: Student Affairs and Campus Life,Arts and Culture,3,"Politics, Economics, and Public Policy",0,1,0.0
4078d267a0a9,Part 9: Student Affairs and Campus Life,Arts and Culture,4,"History, Culture, and the Arts",0,1,0.0
4078d267a0a9,Part 9: Student Affairs and Campus Life,Arts and Culture,5,Academic Calendar and Class Scheduling,0,1,0.0
4078d267a0a9,Part 9: Student Affairs and Campus Life,Arts and Culture,6,"University Mission, Services, and Study Opportunities",1,1,1.0
4078d267a0a9,Part 9: Student Affairs and Campus Life,Arts and Culture,7,"Academic Progress, Grading, and Enrollment Status",0,1,0.0
7c92881ddf83,Part 9: Student Affairs and Campus Life,Blue Oasis Student Center,0,STEM Courses and Major Requirements,0,2,0.0
7c92881ddf83,Part 9: Student Affairs and Campus Life,Blue Oasis Student Center,1,"Language Learning, Writing, and Placement",0,2,0.0
7c92881ddf83,Part 9: Student Affairs and Campus Life,Blue Oasis Student Center,2,Elective Choices and Course Availability,0,2,0.0
7c92881ddf83,Part 9: Student Affairs and Campus Life,Blue Oasis Student Center,3,"Politics, Economics, and Public Policy",0,2,0.0
7c92881ddf83,Part 9: Student Affairs and Campus Life,Blue Oasis Student Center,4,"History, Culture, and the Arts",0,2,0.0
7c92881ddf83,Part 9: Student Affairs and Campus Life,Blue Oasis Student Center,5,Academic Calendar and Class Scheduling,0,2,0.0
7c92881ddf83,Part 9: Student Affairs and Campus Life,Blue Oasis Student Center,6,"University Mission, Services, and Study Opportunities",2,2,1.0
7c92881ddf83,Part 9: Student Affairs and Campus Life,Blue Oasis Student Center,7,"Academic Progress, Grading, and Enrollment Status",0,2,0.0
c7697b2cf047,Part 9: Student Affairs and Campus Life,Campus Programs,0,STEM Courses and Major Requirements,0,3,0.0
c7697b2cf047,Part 9: Student Affairs and Campus Life,Campus Programs,1,"Language Learning, Writing, and Placement",0,3,0.0
c7697b2cf047,Part 9: Student Affairs and Campus Life,Campus Programs,2,Elective Choices and Course Availability,0,3,0.0
c7697b2cf047,Part 9: Student Affairs and Campus Life,Campus Programs,3,"Politics, Economics, and Public Policy",0,3,0.0
c7697b2cf047,Part 9: Student Affairs and Campus Life,Campus Programs,4,"History, Culture, and the Arts",0,3,0.0
c7697b2cf047,Part 9: Student Affairs and Campus Life,Campus Programs,5,Academic Calendar and Class Scheduling,0,3,0.0
c7697b2cf047,Part 9: Student Affairs and Campus Life,Campus Programs,6,"University Mission, Services, and Study Opportunities",3,3,1.0
c7697b2cf047,Part 9: Student Affairs and Campus Life,Campus Programs,7,"Academic Progress, Grading, and Enrollment Status",0,3,0.0
dadaf815ffc8,Part 9: Student Affairs and Campus Life,Student Clubs and Organizations,0,STEM Courses and Major Requirements,0,1,0.0
dadaf815ffc8,Part 9: Student Affairs and Campus Life,Student Clubs and Organizations,1,"Language Learning, Writing, and Placement",0,1,0.0
dadaf815ffc8,Part 9: Student Affairs and Campus Life,Student Clubs and Organizations,2,Elective Choices and Course Availability,0,1,0.0
dadaf815ffc8,Part 9: Student Affairs and Campus Life,Student Clubs and Organizations,3,"Politics, Economics, and Public Policy",0,1,0.0
dadaf815ffc8,Part 9: Student Affairs and Campus Life,Student Clubs and Organizations,4,"History, Culture, and the Arts",0,1,0.0
dadaf815ffc8,Part 9: Student Affairs and Campus Life,Student Clubs and Organizations,5,Academic Calendar and Class Scheduling,0,1,0.0
dadaf815ffc8,Part 9: Student Affairs and Campus Life,Student Clubs and Organizations,6,"University Mission, Services, and Study Opportunities",1,1,1.0
dadaf815ffc8,Part 9: Student Affairs and Campus Life,Student Clubs and Organizations,7,"Academic Progress, Grading, and Enrollment Status",0,1,0.0
3980caa71a22,Part 9: Student Affairs and Campus Life,Athletics & University Sports,0,STEM Courses and Major Requirements,1,5,0.2
3980caa71a22,Part 9: Student Affairs and Campus Life,Athletics & University Sports,1,"Language Learning, Writing, and Placement",0,5,0.0
3980caa71a22,Part 9: Student Affairs and Campus Life,Athletics & University Sports,2,Elective Choices and Course Availability,0,5,0.0
3980caa71a22,Part 9: Student Affairs and Campus Life,Athletics & University Sports,3,"Politics, Economics, and Public Policy",0,5,0.0
3980caa71a22,Part 9: Student Affairs and Campus Life,Athletics & University Sports,4,"History, Culture, and the Arts",0,5,0.0
3980caa71a22,Part 9: Student Affairs and Campus Life,Athletics & University Sports,5,Academic Calendar and Class Scheduling,0,5,0.0
3980caa71a22,Part 9: Student Affairs and Campus Life,Athletics & University Sports,6,"University Mission, Services, and Study Opportunities",4,5,0.8
3980caa71a22,Part 9: Student Affairs and Campus Life,Athletics & University Sports,7,"Academic Progress, Grading, and Enrollment Status",0,5,0.0
f8c63dccc327,Part 9: Student Affairs and Campus Life,Counseling and Psychological Services (CAPS),0,STEM Courses and Major Requirements,0,2,0.0
f8c63dccc327,Part 9: Student Affairs and Campus Life,Counseling and Psychological Services (CAPS),1,"Language Learning, Writing, and Placement",0,2,0.0
f8c63dccc327,Part 9: Student Affairs and Campus Life,Counseling and Psychological Services (CAPS),2,Elective Choices and Course Availability,0,2,0.0
f8c63dccc327,Part 9: Student Affairs and Campus Life,Counseling and Psychological Services (CAPS),3,"Politics, Economics, and Public Policy",0,2,0.0
f8c63dccc327,Part 9: Student Affairs and Campus Life,Counseling and Psychological Services (CAPS),4,"History, Culture, and the Arts",0,2,0.0
f8c63dccc327,Part 9: Student Affairs and Campus Life,Counseling and Psychological Services (CAPS),5,Academic Calendar and Class Scheduling,0,2,0.0
f8c63dccc327,Part 9: Student Affairs and Campus Life,Counseling and Psychological Services (CAPS),6,"University Mission, Services, and Study Opportunities",2,2,1.0
f8c63dccc327,Part 9: Student Affairs and Campus Life,Counseling and Psychological Services (CAPS),7,"Academic Progress, Grading, and Enrollment Status",0,2,0.0
da5f5380d755,Part 9: Student Affairs and Campus Life,Campus Health Clinic,0,STEM Courses and Major Requirements,0,1,0.0
da5f5380d755,Part 9: Student Affairs and Campus Life,Campus Health Clinic,1,"Language Learning, Writing, and Placement",0,1,0.0
da5f5380d755,Part 9: Student Affairs and Campus Life,Campus Health Clinic,2,Elective Choices and Course Availability,0,1,0.0
da5f5380d755,Part 9: Student Affairs and Campus Life,Campus Health Clinic,3,"Politics, Economics, and Public Policy",0,1,0.0
da5f5380d755,Part 9: Student Affairs and Campus Life,Campus Health Clinic,4,"History, Culture, and the Arts",0,1,0.0
da5f5380d755,Part 9: Student Affairs and Campus Life,Campus Health Clinic,5,Academic Calendar and Class Scheduling,0,1,0.0
da5f5380d755,Part 9: Student Affairs and Campus Life,Campus Health Clinic,6,"University Mission, Services, and Study Opportunities",0,1,0.0
da5f5380d755,Part 9: Student Affairs and Campus Life,Campus Health Clinic,7,"Academic Progress, Grading, and Enrollment Status",1,1,1.0
52fab60de478,Part 9: Student Affairs and Campus Life,Chinese Student Services and Student Mobility,0,STEM Courses and Major Requirements,0,2,0.0
52fab60de478,Part 9: Student Affairs and Campus Life,Chinese Student Services and Student Mobility,1,"Language Learning, Writing, and Placement",0,2,0.0
52fab60de478,Part 9: Student Affairs and Campus Life,Chinese Student Services and Student Mobility,2,Elective Choices and Course Availability,0,2,0.0
52fab60de478,Part 9: Student Affairs and Campus Life,Chinese Student Services and Student Mobility,3,"Politics, Economics, and Public Policy",0,2,0.0
52fab60de478,Part 9: Student Affairs and Campus Life,Chinese Student Services and Student Mobility,4,"History, Culture, and the Arts",0,2,0.0
52fab60de478,Part 9: Student Affairs and Campus Life,Chinese Student Services and Student Mobility,5,Academic Calendar and Class Scheduling,0,2,0.0
52fab60de478,Part 9: Student Affairs and Campus Life,Chinese Student Services and Student Mobility,6,"University Mission, Services, and Study Opportunities",2,2,1.0
52fab60de478,Part 9: Student Affairs and Campus Life,Chinese Student Services and Student Mobility,7,"Academic Progress, Grading, and Enrollment Status",0,2,0.0
84e1eb871781,Part 9: Student Affairs and Campus Life,International Student Services,0,STEM Courses and Major Requirements,0,2,0.0
84e1eb871781,Part 9: Student Affairs and Campus Life,International Student Services,1,"Language Learning, Writing, and Placement",0,2,0.0
84e1eb871781,Part 9: Student Affairs and Campus Life,International Student Services,2,Elective Choices and Course Availability,0,2,0.0
84e1eb871781,Part 9: Student Affairs and Campus Life,International Student Services,3,"Politics, Economics, and Public Policy",0,2,0.0
84e1eb871781,Part 9: Student Affairs and Campus Life,International Student Services,4,"History, Culture, and the Arts",0,2,0.0
84e1eb871781,Part 9: Student Affairs and Campus Life,International Student Services,5,Academic Calendar and Class Scheduling,0,2,0.0
84e1eb871781,Part 9: Student Affairs and Campus Life,International Student Services,6,"University Mission, Services, and Study Opportunities",2,2,1.0
84e1eb871781,Part 9: Student Affairs and Campus Life,International Student Services,7,"Academic Progress, Grading, and Enrollment Status",0,2,0.0
c543b36e6255,Part 9: Student Affairs and Campus Life,Host Family Program,0,STEM Courses and Major Requirements,0,1,0.0
c543b36e6255,Part 9: Student Affairs and Campus Life,Host Family Program,1,"Language Learning, Writing, and Placement",0,1,0.0
c543b36e6255,Part 9: Student Affairs and Campus Life,Host Family Program,2,Elective Choices and Course Availability,0,1,0.0
c543b36e6255,Part 9: Student Affairs and Campus Life,Host Family Program,3,"Politics, Economics, and Public Policy",0,1,0.0
c543b36e6255,Part 9: Student Affairs and Campus Life,Host Family Program,4,"History, Culture, and the Arts",0,1,0.0
c543b36e6255,Part 9: Student Affairs and Campus Life,Host Family Program,5,Academic Calendar and Class Scheduling,0,1,0.0
c543b36e6255,Part 9: Student Affairs and Campus Life,Host Family Program,6,"University Mission, Services, and Study Opportunities",1,1,1.0
c543b36e6255,Part 9: Student Affairs and Campus Life,Host Family Program,7,"Academic Progress, Grading, and Enrollment Status",0,1,0.0
db6d365ff210,Part 9: Student Affairs and Campus Life,Student Conduct,0,STEM Courses and Major Requirements,0,3,0.0
db6d365ff210,Part 9: Student Affairs and Campus Life,Student Conduct,1,"Language Learning, Writing, and Placement",0,3,0.0
db6d365ff210,Part 9: Student Affairs and Campus Life,Student Conduct,2,Elective Choices and Course Availability,0,3,0.0
db6d365ff210,Part 9: Student Affairs and Campus Life,Student Conduct,3,"Politics, Economics, and Public Policy",0,3,0.0
db6d365ff210,Part 9: Student Affairs and Campus Life,Student Conduct,4,"History, Culture, and the Arts",0,3,0.0
db6d365ff210,Part 9: Student Affairs and Campus Life,Student Conduct,5,Academic Calendar and Class Scheduling,0,3,0.0
db6d365ff210,Part 9: Student Affairs and Campus Life,Student Conduct,6,"University Mission, Services, and Study Opportunities",1,3,0.3333333333333333
db6d365ff210,Part 9: Student Affairs and Campus Life,Student Conduct,7,"Academic Progress, Grading, and Enrollment Status",2,3,0.6666666666666666
238640d65fa1,Part 10: Majors and Courses,Requirements for All Majors,0,STEM Courses and Major Requirements,1,11,0.09090909090909091
238640d65fa1,Part 10: Majors and Courses,Requirements for All Majors,1,"Language Learning, Writing, and Placement",8,11,0.7272727272727273
238640d65fa1,Part 10: Majors and Courses,Requirements for All Majors,2,Elective Choices and Course Availability,1,11,0.09090909090909091
238640d65fa1,Part 10: Majors and Courses,Requirements for All Majors,3,"Politics, Economics, and Public Policy",0,11,0.0
238640d65fa1,Part 10: Majors and Courses,Requirements for All Majors,4,"History, Culture, and the Arts",1,11,0.09090909090909091
238640d65fa1,Part 10: Majors and Courses,Requirements for All Majors,5,Academic Calendar and Class Scheduling,0,11,0.0
238640d65fa1,Part 10: Majors and Courses,Requirements for All Majors,6,"University Mission, Services, and Study Opportunities",0,11,0.0
238640d65fa1,Part 10: Majors and Courses,Requirements for All Majors,7,"Academic Progress, Grading, and Enrollment Status",0,11,0.0
18ab7f789e44,Part 10: Majors and Courses,Majors (listed in alphabetical order),0,STEM Courses and Major Requirements,95,317,0.2996845425867508
18ab7f789e44,Part 10: Majors and Courses,Majors (listed in alphabetical order),1,"Language Learning, Writing, and Placement",10,317,0.031545741324921134
18ab7f789e44,Part 10: Majors and Courses,Majors (listed in alphabetical order),2,Elective Choices and Course Availability,62,317,0.19558359621451105
18ab7f789e44,Part 10: Majors and Courses,Majors (listed in alphabetical order),3,"Politics, Economics, and Public Policy",95,317,0.2996845425867508
18ab7f789e44,Part 10: Majors and Courses,Majors (listed in alphabetical order),4,"History, Culture, and the Arts",54,317,0.17034700315457413
18ab7f789e44,Part 10: Majors and Courses,Majors (listed in alphabetical order),5,Academic Calendar and Class Scheduling,0,317,0.0
18ab7f789e44,Part 10: Majors and Courses,Majors (listed in alphabetical order),6,"University Mission, Services, and Study Opportunities",1,317,0.0031545741324921135
18ab7f789e44,Part 10: Majors and Courses,Majors (listed in alphabetical order),7,"Academic Progress, Grading, and Enrollment Status",0,317,0.0
e91471b27392,Part 10: Majors and Courses,Course Descriptions,0,STEM Courses and Major Requirements,193,674,0.28635014836795253
e91471b27392,Part 10: Majors and Courses,Course Descriptions,1,"Language Learning, Writing, and Placement",125,674,0.18545994065281898
e91471b27392,Part 10: Majors and Courses,Course Descriptions,2,Elective Choices and Course Availability,1,674,0.001483679525222552
e91471b27392,Part 10: Majors and Courses,Course Descriptions,3,"Politics, Economics, and Public Policy",171,674,0.25370919881305637
e91471b27392,Part 10: Majors and Courses,Course Descriptions,4,"History, Culture, and the Arts",180,674,0.26706231454005935
e91471b27392,Part 10: Majors and Courses,Course Descriptions,5,Academic Calendar and Class Scheduling,0,674,0.0
e91471b27392,Part 10: Majors and Courses,Course Descriptions,6,"University Mission, Services, and Study Opportunities",4,674,0.005934718100890208
e91471b27392,Part 10: Majors and Courses,Course Descriptions,7,"Academic Progress, Grading, and Enrollment Status",0,674,0.0
f8d2815b0bd9,Part 11: Academic Calendar 2021-22,Chapter introduction,0,STEM Courses and Major Requirements,0,58,0.0
f8d2815b0bd9,Part 11: Academic Calendar 2021-22,Chapter introduction,1,"Language Learning, Writing, and Placement",0,58,0.0
f8d2815b0bd9,Part 11: Academic Calendar 2021-22,Chapter introduction,2,Elective Choices and Course Availability,0,58,0.0
f8d2815b0bd9,Part 11: Academic Calendar 2021-22,Chapter introduction,3,"Politics, Economics, and Public Policy",0,58,0.0
f8d2815b0bd9,Part 11: Academic Calendar 2021-22,Chapter introduction,4,"History, Culture, and the Arts",0,58,0.0
f8d2815b0bd9,Part 11: Academic Calendar 2021-22,Chapter introduction,5,Academic Calendar and Class Scheduling,58,58,1.0
f8d2815b0bd9,Part 11: Academic Calendar 2021-22,Chapter introduction,6,"University Mission, Services, and Study Opportunities",0,58,0.0
f8d2815b0bd9,Part 11: Academic Calendar 2021-22,Chapter introduction,7,"Academic Progress, Grading, and Enrollment Status",0,58,0.0
aacd1222e59c,Part 12: Useful Contacts,Chapter introduction,0,STEM Courses and Major Requirements,1,20,0.05
aacd1222e59c,Part 12: Useful Contacts,Chapter introduction,1,"Language Learning, Writing, and Placement",1,20,0.05
aacd1222e59c,Part 12: Useful Contacts,Chapter introduction,2,Elective Choices and Course Availability,0,20,0.0
aacd1222e59c,Part 12: Useful Contacts,Chapter introduction,3,"Politics, Economics, and Public Policy",1,20,0.05
aacd1222e59c,Part 12: Useful Contacts,Chapter introduction,4,"History, Culture, and the Arts",0,20,0.0
aacd1222e59c,Part 12: Useful Contacts,Chapter introduction,5,Academic Calendar and Class Scheduling,0,20,0.0
aacd1222e59c,Part 12: Useful Contacts,Chapter introduction,6,"University Mission, Services, and Study Opportunities",17,20,0.85
aacd1222e59c,Part 12: Useful Contacts,Chapter introduction,7,"Academic Progress, Grading, and Enrollment Status",0,20,0.0
